[
  {
    "_id": "69580ad0fad1ca0b66ea6048",
    "patient": "695806d8fad1ca0b66ea6032",
    "doctor": "695405613909859d521df370",
    "date": "2026-01-04T00:00:00.000Z",
    "time": "12:15",
    "status": "confirmed",
    "reason": "disease",
    "createdAt": "2026-01-02T18:13:36.414Z",
    "__v": 0
  },
  {
    "_id": "69580ae0fad1ca0b66ea604e",
    "patient": "695806d8fad1ca0b66ea6032",
    "doctor": "695405613909859d521df370",
    "date": "2026-01-04T00:00:00.000Z",
    "time": "12:15",
    "status": "pending",
    "reason": "disease",
    "createdAt": "2026-01-02T18:13:52.530Z",
    "__v": 0
  },
  {
    "_id": "69580bedfad1ca0b66ea6095",
    "patient": "695806d8fad1ca0b66ea6032",
    "doctor": "69580412fad1ca0b66ea6004",
    "date": "2026-01-12T00:00:00.000Z",
    "time": "13:00",
    "status": "confirmed",
    "reason": "disease",
    "createdAt": "2026-01-02T18:18:21.504Z",
    "__v": 0
  },
  {
    "_id": "69580bf0fad1ca0b66ea609b",
    "patient": "695806d8fad1ca0b66ea6032",
    "doctor": "69580412fad1ca0b66ea6004",
    "date": "2026-01-12T00:00:00.000Z",
    "time": "13:00",
    "status": "cancelled",
    "reason": "disease",
    "createdAt": "2026-01-02T18:18:24.119Z",
    "__v": 0
  },
  {
    "_id": "695ab42dce7329fb0e7677ab",
    "patient": "695806d8fad1ca0b66ea6032",
    "doctor": "6958017ffad1ca0b66ea5f79",
    "date": "2026-01-03T19:00:00.000Z",
    "time": "03:58",
    "status": "cancelled",
    "reason": "Labore cumque autem ",
    "createdAt": "2026-01-04T18:40:45.723Z",
    "__v": 0
  },
  {
    "_id": "695ab70cce7329fb0e7677e8",
    "patient": "695806d8fad1ca0b66ea6032",
    "doctor": "693ee2920db6ae4e3bcdcee3",
    "date": "2026-01-03T19:00:00.000Z",
    "time": "08:11",
    "status": "pending",
    "reason": "Fugiat est est volu",
    "createdAt": "2026-01-04T18:53:00.150Z",
    "__v": 0
  },
  {
    "_id": "695ac7d7cfdccece716d83fd",
    "patient": "695806d8fad1ca0b66ea6032",
    "doctor": "69580321fad1ca0b66ea5ff2",
    "date": "2026-01-09T19:00:00.000Z",
    "time": "01:05",
    "status": "pending",
    "reason": "drd",
    "createdAt": "2026-01-04T20:04:39.021Z",
    "__v": 0
  },
  {
    "_id": "695b699fbfcfd4608a004add",
    "patient": "695b698bbfcfd4608a004ac9",
    "doctor": "69580412fad1ca0b66ea6004",
    "date": "2026-01-04T19:00:00.000Z",
    "time": "21:28",
    "status": "cancelled",
    "reason": "Commodo corrupti es",
    "createdAt": "2026-01-05T07:34:55.849Z",
    "__v": 0
  },
  {
    "_id": "695b6b6bbfcfd4608a004b36",
    "patient": "695b698bbfcfd4608a004ac9",
    "doctor": "695b6855bfcfd4608a004a4d",
    "date": "2026-01-04T19:00:00.000Z",
    "time": "10:59",
    "status": "pending",
    "reason": "Voluptatem in sint o",
    "createdAt": "2026-01-05T07:42:35.691Z",
    "__v": 0
  },
  {
    "_id": "695b6e41bfcfd4608a004b94",
    "patient": "695b698bbfcfd4608a004ac9",
    "doctor": "6957fe55f7ee2b251d5d2b66",
    "date": "2026-01-04T19:00:00.000Z",
    "time": "15:08",
    "status": "pending",
    "reason": "Est labore dolore ni",
    "createdAt": "2026-01-05T07:54:41.419Z",
    "__v": 0
  },
  {
    "_id": "695be15e3d1f1e62b7c68b57",
    "patient": "695b698bbfcfd4608a004ac9",
    "doctor": "69580412fad1ca0b66ea6004",
    "date": "2026-01-05T19:00:00.000Z",
    "time": "16:13",
    "status": "cancelled",
    "reason": "Fugiat cumque error",
    "createdAt": "2026-01-05T16:05:50.975Z",
    "__v": 0
  },
  {
    "_id": "695cf26ef49e1acb834b45d2",
    "patient": "695cf258f49e1acb834b45be",
    "doctor": "69580412fad1ca0b66ea6004",
    "date": "2026-01-05T19:00:00.000Z",
    "time": "03:39",
    "status": "confirmed",
    "reason": "Molestiae culpa sunt",
    "createdAt": "2026-01-06T11:30:54.080Z",
    "__v": 0
  },
  {
    "_id": "695cf352f49e1acb834b46b9",
    "patient": "695406c43909859d521df3ca",
    "doctor": "69580412fad1ca0b66ea6004",
    "date": "2026-01-05T19:00:00.000Z",
    "time": "18:25",
    "status": "confirmed",
    "reason": "Et id id cum molliti",
    "createdAt": "2026-01-06T11:34:42.597Z",
    "__v": 0
  },
  {
    "_id": "695e2164e957d6d3b81019ca",
    "patient": "695806d8fad1ca0b66ea6032",
    "doctor": "6958017ffad1ca0b66ea5f79",
    "date": "2026-01-06T19:00:00.000Z",
    "time": "11:22",
    "status": "pending",
    "reason": "Dolores quas ipsum v",
    "createdAt": "2026-01-07T09:03:32.220Z",
    "__v": 0
  },
  {
    "_id": "695e9966eea25030cdd5a805",
    "patient": "695b698bbfcfd4608a004ac9",
    "doctor": "695405613909859d521df370",
    "date": "2026-01-06T19:00:00.000Z",
    "time": "23:59",
    "status": "pending",
    "reason": "Totam duis quisquam ",
    "createdAt": "2026-01-07T17:35:34.798Z",
    "__v": 0
  },
  {
    "_id": "695eb33f4c34307663625b75",
    "patient": "695ea7984c34307663625908",
    "doctor": "695ea7e34c3430766362591e",
    "date": "2026-01-20T19:00:00.000Z",
    "time": "17:48",
    "status": "confirmed",
    "reason": "Pariatur Eum quod e",
    "createdAt": "2026-01-07T19:25:51.086Z",
    "__v": 0
  },
  {
    "_id": "695fd28062ac822d03db77a5",
    "patient": "695fc5ca669887a61ea9ab91",
    "doctor": "695ea7e34c3430766362591e",
    "date": "2026-01-08T08:00:00.000Z",
    "time": "07:52",
    "status": "confirmed",
    "reason": "disease",
    "notes": "yakhne",
    "createdAt": "2026-01-08T15:51:28.326Z",
    "__v": 0
  },
  {
    "_id": "6960a63c8b73f8b83b4d1993",
    "patient": "6960a2cac3e749b6158596b6",
    "doctor": "695ea7e34c3430766362591e",
    "date": "2026-10-12T07:00:00.000Z",
    "time": "23:42",
    "status": "confirmed",
    "reason": "Labore at magnam odi",
    "notes": "Consequatur quis co",
    "createdAt": "2026-01-09T06:54:52.885Z",
    "__v": 0
  },
  {
    "_id": "6960c38a6275e8c983d1b97a",
    "patient": "695fc5ca669887a61ea9ab91",
    "doctor": "6960a31ac3e749b6158596d2",
    "date": "2026-01-10T08:00:00.000Z",
    "time": "03:59",
    "status": "confirmed",
    "reason": "sadfasfgasdfasdasdf",
    "notes": "fasdfasdvszcfasfe",
    "createdAt": "2026-01-09T08:59:54.115Z",
    "__v": 0
  },
  {
    "_id": "69626e3a6978229de30bfff6",
    "patient": "6960a2cac3e749b6158596b6",
    "doctor": "6960a31ac3e749b6158596d2",
    "date": "2026-01-15T19:00:00.000Z",
    "time": "11:00",
    "status": "confirmed",
    "reason": "jfhb m",
    "notes": "drtcjhvk",
    "createdAt": "2026-01-10T15:20:26.189Z",
    "__v": 0
  },
  {
    "_id": "69626e3a6978229de30bfff8",
    "patient": "6960a2cac3e749b6158596b6",
    "doctor": "6960a31ac3e749b6158596d2",
    "date": "2026-01-10T08:00:00.000Z",
    "time": "08:20",
    "status": "cancelled",
    "reason": "jfhb m",
    "notes": "drtcjhvk",
    "createdAt": "2026-01-10T15:20:26.275Z",
    "__v": 0
  },
  {
    "_id": "696600e3398f2b6938fed083",
    "patient": "695fb3051b5701f97149c21d",
    "doctor": "695ea7e34c3430766362591e",
    "date": "2026-01-29T19:00:00.000Z",
    "time": "13:25",
    "status": "cancelled",
    "reason": "kshdkjfhasdf",
    "notes": "kasdhfkjasdf\n\n",
    "createdAt": "2026-01-13T08:22:59.310Z",
    "__v": 0
  },
  {
    "_id": "69668c78314ea4b39a1f8058",
    "patient": "69668c59314ea4b39a1f8031",
    "doctor": "695ea7e34c3430766362591e",
    "date": "2026-01-21T08:00:00.000Z",
    "time": "10:20",
    "status": "confirmed",
    "reason": "nmb,cfjgnvb ",
    "notes": "bfdhgfdb",
    "createdAt": "2026-01-13T18:18:32.994Z",
    "__v": 0
  },
  {
    "_id": "69669009314ea4b39a1f810b",
    "patient": "6960a2cac3e749b6158596b6",
    "doctor": "69668fb1314ea4b39a1f809c",
    "date": "2026-01-17T19:00:00.000Z",
    "time": "10:00",
    "status": "cancelled",
    "reason": "jhgfcjghmb",
    "notes": "htrfdjgkjhnk",
    "createdAt": "2026-01-13T18:33:45.564Z",
    "__v": 0
  },
  {
    "_id": "6966907b314ea4b39a1f8212",
    "patient": "695fc5ca669887a61ea9ab91",
    "doctor": "69668fb1314ea4b39a1f809c",
    "date": "2026-01-13T08:00:00.000Z",
    "time": "23:36",
    "status": "pending",
    "reason": "bmhgjh",
    "notes": "bhvjhfvj",
    "createdAt": "2026-01-13T18:35:39.756Z",
    "__v": 0
  },
  {
    "_id": "697cf5b969e25c2fecdb02c3",
    "patient": "6960a2cac3e749b6158596b6",
    "doctor": "69668fb1314ea4b39a1f809c",
    "date": "2026-01-30T08:00:00.000Z",
    "time": "22:18",
    "status": "pending",
    "reason": "pdkfjglsd",
    "notes": "khsfsr\n",
    "createdAt": "2026-01-30T18:17:29.030Z",
    "__v": 0
  },
  {
    "_id": "697cf8eb69e25c2fecdb04b4",
    "patient": "69668c59314ea4b39a1f8031",
    "doctor": "6960a31ac3e749b6158596d2",
    "date": "2026-01-30T08:00:00.000Z",
    "time": "10:30",
    "status": "confirmed",
    "reason": "kjhbkjhb",
    "notes": "jhbkjl;m",
    "createdAt": "2026-01-30T18:31:07.150Z",
    "__v": 0
  }
]