[
  {
    "_id": "697b9007fd52299a5dc39188",
    "patient": "6960a2cac3e749b6158596b6",
    "doctor": "695ea7e34c3430766362591e",
    "receptionist": "697b8c2cfd52299a5dc39163",
    "items": [
      {
        "description": "fghsdgsdfg",
        "quantity": 2,
        "unitPrice": 5,
        "amount": 10,
        "_id": "697b9007fd52299a5dc39189"
      }
    ],
    "subtotal": 10,
    "tax": 100,
    "total": 110,
    "status": "pending",
    "notes": "Mollit facilis iusto",
    "createdAt": "2026-01-29T16:51:19.572Z",
    "updatedAt": "2026-01-29T16:51:19.572Z",
    "__v": 0
  }
]