[
  {
    "_id": "6963cfaa4fa91f3bf4ddbfa5",
    "patient": "695fc5ca669887a61ea9ab91",
    "doctor": "695ea7e34c3430766362591e",
    "name": "Incididunt voluptate",
    "dosageAmount": "Deserunt tempora iru",
    "dosageUnit": "ml",
    "frequency": "As needed (PRN)",
    "startDate": "1993-06-13T00:00:00.000Z",
    "endDate": "2019-02-25T00:00:00.000Z",
    "status": "active",
    "notes": "Fugiat voluptate do",
    "createdAt": "2026-01-11T16:28:26.923Z",
    "updatedAt": "2026-01-11T16:28:26.923Z",
    "__v": 0
  },
  {
    "_id": "6963d07c4fa91f3bf4ddc077",
    "patient": "6960a2cac3e749b6158596b6",
    "doctor": "695ea7e34c3430766362591e",
    "name": "Sed vitae amet dese",
    "dosageAmount": "Sed reiciendis vitae",
    "dosageUnit": "ml",
    "frequency": "Every 6 hours",
    "startDate": "2019-10-19T00:00:00.000Z",
    "endDate": "1996-06-22T00:00:00.000Z",
    "status": "active",
    "notes": "Adipisicing consequa",
    "createdAt": "2026-01-11T16:31:56.558Z",
    "updatedAt": "2026-01-11T16:31:56.558Z",
    "__v": 0
  },
  {
    "_id": "696fcb6e8e0376b030dc9215",
    "patient": "695fc5ca669887a61ea9ab91",
    "doctor": "695ea7e34c3430766362591e",
    "name": "Ipsa sunt nisi in c",
    "dosageAmount": "Ducimus et inventor",
    "dosageUnit": "g",
    "frequency": "Once daily",
    "startDate": "2004-08-15T00:00:00.000Z",
    "endDate": "2023-04-21T00:00:00.000Z",
    "status": "active",
    "notes": "Delectus non qui ex",
    "createdAt": "2026-01-20T18:37:34.430Z",
    "updatedAt": "2026-01-20T18:37:34.430Z",
    "__v": 0
  },
  {
    "_id": "696fcb728e0376b030dc9221",
    "patient": "695fc5ca669887a61ea9ab91",
    "doctor": "695ea7e34c3430766362591e",
    "name": "Ipsa sunt nisi in c",
    "dosageAmount": "Ducimus et inventor",
    "dosageUnit": "g",
    "frequency": "Once daily",
    "startDate": "2004-08-15T00:00:00.000Z",
    "endDate": "2023-04-21T00:00:00.000Z",
    "status": "active",
    "notes": "Delectus non qui ex",
    "createdAt": "2026-01-20T18:37:38.251Z",
    "updatedAt": "2026-01-20T18:37:38.251Z",
    "__v": 0
  },
  {
    "_id": "696fcb7f8e0376b030dc9235",
    "patient": "695fc5ca669887a61ea9ab91",
    "doctor": "695ea7e34c3430766362591e",
    "name": "Ipsa sunt nisi in c",
    "dosageAmount": "Ducimus et inventor",
    "dosageUnit": "g",
    "frequency": "Once daily",
    "startDate": "2004-08-15T00:00:00.000Z",
    "endDate": "2023-04-21T00:00:00.000Z",
    "status": "active",
    "notes": "Delectus non qui ex",
    "createdAt": "2026-01-20T18:37:51.595Z",
    "updatedAt": "2026-01-20T18:37:51.595Z",
    "__v": 0
  },
  {
    "_id": "697cf9d769e25c2fecdb0af9",
    "patient": "69668c59314ea4b39a1f8031",
    "doctor": "6960a31ac3e749b6158596d2",
    "name": "asdfa",
    "dosageAmount": "asd",
    "dosageUnit": "mg",
    "frequency": "Twice daily",
    "startDate": "2026-01-31T00:00:00.000Z",
    "endDate": "2026-02-01T00:00:00.000Z",
    "status": "inactive",
    "notes": "dsfsdfa",
    "createdAt": "2026-01-30T18:35:03.920Z",
    "updatedAt": "2026-01-30T18:37:36.085Z",
    "__v": 0
  },
  {
    "_id": "697cfaac69e25c2fecdb0e6e",
    "patient": "69668c59314ea4b39a1f8031",
    "doctor": "6960a31ac3e749b6158596d2",
    "name": "panadol",
    "dosageAmount": "10000",
    "dosageUnit": "mg",
    "frequency": "Three times daily",
    "startDate": "2026-01-30T00:00:00.000Z",
    "endDate": "2026-02-02T00:00:00.000Z",
    "status": "active",
    "notes": "eat after food\n",
    "createdAt": "2026-01-30T18:38:36.879Z",
    "updatedAt": "2026-01-30T18:38:36.879Z",
    "__v": 0
  }
]