[
  {
    "_id": "6963d06c4fa91f3bf4ddc069",
    "patient": "6960a2cac3e749b6158596b6",
    "doctor": "695ea7e34c3430766362591e",
    "symptoms": "In numquam ut illum",
    "diagnosis": "Porro velit aut ass",
    "treatment": "Dolores at id persp",
    "status": "active",
    "createdAt": "2026-01-11T16:31:40.674Z",
    "updatedAt": "2026-01-11T16:31:40.674Z",
    "__v": 0
  },
  {
    "_id": "6964a3ee40cf8a68799c084f",
    "patient": "695fc5ca669887a61ea9ab91",
    "doctor": "6960a31ac3e749b6158596d2",
    "symptoms": "Sed velit repellend",
    "diagnosis": "Consequatur esse re",
    "treatment": "Labore soluta lorem ",
    "status": "active",
    "createdAt": "2026-01-12T07:34:06.583Z",
    "updatedAt": "2026-01-12T07:34:06.583Z",
    "__v": 0
  },
  {
    "_id": "696fcb438e0376b030dc91a4",
    "patient": "695fc5ca669887a61ea9ab91",
    "doctor": "695ea7e34c3430766362591e",
    "symptoms": "Dolore id mollit ill",
    "diagnosis": "Anim explicabo Illu",
    "treatment": "Voluptate quo iure v",
    "status": "active",
    "createdAt": "2026-01-20T18:36:51.519Z",
    "updatedAt": "2026-01-20T18:36:51.519Z",
    "__v": 0
  },
  {
    "_id": "697cf94c69e25c2fecdb08b1",
    "patient": "69668c59314ea4b39a1f8031",
    "doctor": "6960a31ac3e749b6158596d2",
    "symptoms": "a;lsdfasd",
    "diagnosis": "asdfasd",
    "treatment": "asdfasdf",
    "status": "active",
    "createdAt": "2026-01-30T18:32:44.927Z",
    "updatedAt": "2026-01-30T18:32:44.927Z",
    "__v": 0
  }
]